id,symbol,base,quote,status,contractType,linear,pricePrecision,amountPrecision,minQty,minNotional,tickSize,stepSize
1000000BOBUSDT,1000000BOB/USDT:USDT,1000000BOB,USDT,TRADING,PERPETUAL,True,1e-05,1.0,1.0,5.0,1e-05,1.0
1000000MOGUSDT,1000000MOG/USDT:USDT,1000000MOG,USDT,TRADING,PERPETUAL,True,0.0001,0.1,0.1,5.0,0.0001,0.1
1000BONKUSDC,1000BONK/USDC:USDC,1000BONK,USDC,TRADING,PERPETUAL,True,1e-06,1.0,1.0,5.0,1e-06,1.0
1000BONKUSDT,1000BONK/USDT:USDT,1000BONK,USDT,TRADING,PERPETUAL,True,1e-06,1.0,1.0,5.0,1e-06,1.0
1000CATUSDT,1000CAT/USDT:USDT,1000CAT,USDT,TRADING,PERPETUAL,True,1e-05,1.0,1.0,5.0,1e-05,1.0
1000CHEEMSUSDT,1000CHEEMS/USDT:USDT,1000CHEEMS,USDT,TRADING,PERPETUAL,True,1e-06,1.0,1.0,5.0,1e-06,1.0
1000FLOKIUSDT,1000FLOKI/USDT:USDT,1000FLOKI,USDT,TRADING,PERPETUAL,True,1e-05,1.0,1.0,5.0,1e-05,1.0
1000LUNCUSDT,1000LUNC/USDT:USDT,1000LUNC,USDT,TRADING,PERPETUAL,True,1e-05,1.0,1.0,5.0,1e-05,1.0
1000PEPEUSDC,1000PEPE/USDC:USDC,1000PEPE,USDC,TRADING,PERPETUAL,True,1e-07,1.0,1.0,5.0,1e-07,1.0
1000PEPEUSDT,1000PEPE/USDT:USDT,1000PEPE,USDT,TRADING,PERPETUAL,True,1e-07,1.0,1.0,5.0,1e-07,1.0
1000RATSUSDT,1000RATS/USDT:USDT,1000RATS,USDT,TRADING,PERPETUAL,True,1e-05,1.0,1.0,5.0,1e-05,1.0
1000SATSUSDT,1000SATS/USDT:USDT,1000SATS,USDT,TRADING,PERPETUAL,True,1e-06,1.0,1.0,5.0,1e-06,1.0
1000SHIBUSDC,1000SHIB/USDC:USDC,1000SHIB,USDC,TRADING,PERPETUAL,True,1e-06,1.0,1.0,5.0,1e-06,1.0
1000SHIBUSDT,1000SHIB/USDT:USDT,1000SHIB,USDT,TRADING,PERPETUAL,True,1e-06,1.0,1.0,5.0,1e-06,1.0
1000WHYUSDT,1000WHY/USDT:USDT,1000WHY,USDT,TRADING,PERPETUAL,True,1e-06,1.0,1.0,5.0,1e-06,1.0
1000XUSDT,1000X/USDT:USDT,1000X,USDT,TRADING,PERPETUAL,True,1e-05,1.0,1.0,5.0,1e-05,1.0
1000XECUSDT,1000XEC/USDT:USDT,1000XEC,USDT,TRADING,PERPETUAL,True,1e-05,1.0,1.0,5.0,1e-05,1.0
1INCHUSDT,1INCH/USDT:USDT,1INCH,USDT,TRADING,PERPETUAL,True,0.0001,1.0,1.0,5.0,0.0001,1.0
1MBABYDOGEUSDT,1MBABYDOGE/USDT:USDT,1MBABYDOGE,USDT,TRADING,PERPETUAL,True,1e-07,1.0,1.0,5.0,1e-07,1.0
AUSDT,A/USDT:USDT,A,USDT,TRADING,PERPETUAL,True,1e-05,1.0,1.0,5.0,1e-05,1.0
A2ZUSDT,A2Z/USDT:USDT,A2Z,USDT,TRADING,PERPETUAL,True,1e-06,1.0,1.0,5.0,1e-06,1.0
AAVEUSDC,AAVE/USDC:USDC,AAVE,USDC,TRADING,PERPETUAL,True,0.01,0.1,0.1,5.0,0.01,0.1
AAVEUSDT,AAVE/USDT:USDT,AAVE,USDT,TRADING,PERPETUAL,True,0.01,0.1,0.1,5.0,0.01,0.1
ABCCCUSDT,ABCCC/USDT:USDT,ABCCC,USDT,TRADING,PERPETUAL,True,1e-05,1.0,1.0,5.0,1e-05,1.0
ACEUSDT,ACE/USDT:USDT,ACE,USDT,TRADING,PERPETUAL,True,0.0001,1.0,1.0,5.0,0.0001,1.0
ACHUSDT,ACH/USDT:USDT,ACH,USDT,TRADING,PERPETUAL,True,1e-06,1.0,1.0,5.0,1e-06,1.0
ACTUSDT,ACT/USDT:USDT,ACT,USDT,TRADING,PERPETUAL,True,1e-05,1.0,1.0,5.0,1e-05,1.0
ACXUSDT,ACX/USDT:USDT,ACX,USDT,TRADING,PERPETUAL,True,0.0001,0.1,0.1,5.0,0.0001,0.1
ADAUSDC,ADA/USDC:USDC,ADA,USDC,TRADING,PERPETUAL,True,0.0001,0.1,0.1,5.0,0.0001,0.1
ADAUSDT,ADA/USDT:USDT,ADA,USDT,TRADING,PERPETUAL,True,0.0001,1.0,1.0,5.0,0.0001,1.0
AEROUSDT,AERO/USDT:USDT,AERO,USDT,TRADING,PERPETUAL,True,0.0001,0.1,0.1,5.0,0.0001,0.1
AEVOUSDT,AEVO/USDT:USDT,AEVO,USDT,TRADING,PERPETUAL,True,0.0001,0.1,0.1,5.0,0.0001,0.1
AGLDUSDT,AGLD/USDT:USDT,AGLD,USDT,TRADING,PERPETUAL,True,0.0001,1.0,1.0,5.0,0.0001,1.0
AGTUSDT,AGT/USDT:USDT,AGT,USDT,TRADING,PERPETUAL,True,1e-06,1.0,1.0,5.0,1e-06,1.0
AIUSDT,AI/USDT:USDT,AI,USDT,TRADING,PERPETUAL,True,1e-05,1.0,1.0,5.0,1e-05,1.0
AI16ZUSDT,AI16Z/USDT:USDT,AI16Z,USDT,TRADING,PERPETUAL,True,0.0001,0.1,0.1,5.0,0.0001,0.1
AINUSDT,AIN/USDT:USDT,AIN,USDT,TRADING,PERPETUAL,True,1e-05,1.0,1.0,5.0,1e-05,1.0
AIOTUSDT,AIOT/USDT:USDT,AIOT,USDT,TRADING,PERPETUAL,True,1e-05,1.0,1.0,5.0,1e-05,1.0
AIXBTUSDT,AIXBT/USDT:USDT,AIXBT,USDT,TRADING,PERPETUAL,True,1e-05,1.0,1.0,5.0,1e-05,1.0
AKTUSDT,AKT/USDT:USDT,AKT,USDT,TRADING,PERPETUAL,True,0.001,0.1,0.1,5.0,0.001,0.1
ALCHUSDT,ALCH/USDT:USDT,ALCH,USDT,TRADING,PERPETUAL,True,1e-05,1.0,1.0,5.0,1e-05,1.0
ALGOUSDT,ALGO/USDT:USDT,ALGO,USDT,TRADING,PERPETUAL,True,0.0001,0.1,0.1,5.0,0.0001,0.1
ALICEUSDT,ALICE/USDT:USDT,ALICE,USDT,TRADING,PERPETUAL,True,0.001,0.1,0.1,5.0,0.001,0.1
ALLUSDT,ALL/USDT:USDT,ALL,USDT,TRADING,PERPETUAL,True,0.001,1.0,10.0,5.0,0.001,1.0
ALPACAUSDT,ALPACA/USDT:USDT,ALPACA,USDT,TRADING,PERPETUAL,True,1e-05,1.0,1.0,5.0,1e-05,1.0
ALPHAUSDT,ALPHA/USDT:USDT,ALPHA,USDT,TRADING,PERPETUAL,True,1e-05,1.0,1.0,5.0,1e-05,1.0
ALPINEUSDT,ALPINE/USDT:USDT,ALPINE,USDT,TRADING,PERPETUAL,True,0.0001,0.1,0.1,5.0,0.0001,0.1
ALTUSDT,ALT/USDT:USDT,ALT,USDT,TRADING,PERPETUAL,True,1e-05,1.0,1.0,5.0,1e-05,1.0
ANIMEUSDT,ANIME/USDT:USDT,ANIME,USDT,TRADING,PERPETUAL,True,0.0001,1.0,1.0,5.0,0.0001,1.0
ANKRUSDT,ANKR/USDT:USDT,ANKR,USDT,TRADING,PERPETUAL,True,1e-05,1.0,1.0,5.0,1e-05,1.0
APEUSDT,APE/USDT:USDT,APE,USDT,TRADING,PERPETUAL,True,0.0001,1.0,1.0,5.0,0.0001,1.0
API3USDT,API3/USDT:USDT,API3,USDT,TRADING,PERPETUAL,True,0.001,0.1,0.1,5.0,0.001,0.1
APTUSDT,APT/USDT:USDT,APT,USDT,TRADING,PERPETUAL,True,0.001,0.1,0.1,5.0,0.001,0.1
ARUSDT,AR/USDT:USDT,AR,USDT,TRADING,PERPETUAL,True,0.001,0.1,0.1,5.0,0.001,0.1
ARBUSDC,ARB/USDC:USDC,ARB,USDC,TRADING,PERPETUAL,True,0.0001,0.1,0.1,5.0,0.0001,0.1
ARBUSDT,ARB/USDT:USDT,ARB,USDT,TRADING,PERPETUAL,True,0.0001,0.1,0.1,5.0,0.0001,0.1
ARCUSDT,ARC/USDT:USDT,ARC,USDT,TRADING,PERPETUAL,True,1e-05,1.0,1.0,5.0,1e-05,1.0
ARKUSDT,ARK/USDT:USDT,ARK,USDT,TRADING,PERPETUAL,True,0.0001,1.0,1.0,5.0,0.0001,1.0
ARKMUSDT,ARKM/USDT:USDT,ARKM,USDT,TRADING,PERPETUAL,True,0.0001,1.0,1.0,5.0,0.0001,1.0
ARPAUSDT,ARPA/USDT:USDT,ARPA,USDT,TRADING,PERPETUAL,True,1e-05,1.0,1.0,5.0,1e-05,1.0
ASRUSDT,ASR/USDT:USDT,ASR,USDT,TRADING,PERPETUAL,True,0.001,0.1,0.1,5.0,0.001,0.1
ASTRUSDT,ASTR/USDT:USDT,ASTR,USDT,TRADING,PERPETUAL,True,1e-05,1.0,1.0,5.0,1e-05,1.0
ATAUSDT,ATA/USDT:USDT,ATA,USDT,TRADING,PERPETUAL,True,0.0001,1.0,1.0,5.0,0.0001,1.0
ATHUSDT,ATH/USDT:USDT,ATH,USDT,TRADING,PERPETUAL,True,1e-05,1.0,1.0,5.0,1e-05,1.0
ATOMUSDT,ATOM/USDT:USDT,ATOM,USDT,TRADING,PERPETUAL,True,0.001,0.01,0.01,5.0,0.001,0.01
AUCTIONUSDT,AUCTION/USDT:USDT,AUCTION,USDT,TRADING,PERPETUAL,True,0.01,0.01,0.01,5.0,0.01,0.01
AVAUSDT,AVA/USDT:USDT,AVA,USDT,TRADING,PERPETUAL,True,0.0001,0.1,0.1,5.0,0.0001,0.1
AVAAIUSDT,AVAAI/USDT:USDT,AVAAI,USDT,TRADING,PERPETUAL,True,1e-05,1.0,1.0,5.0,1e-05,1.0
AVAXUSDC,AVAX/USDC:USDC,AVAX,USDC,TRADING,PERPETUAL,True,0.001,0.01,0.01,5.0,0.001,0.01
AVAXUSDT,AVAX/USDT:USDT,AVAX,USDT,TRADING,PERPETUAL,True,0.01,1.0,1.0,5.0,0.01,1.0
AXLUSDT,AXL/USDT:USDT,AXL,USDT,TRADING,PERPETUAL,True,0.0001,0.1,0.1,5.0,0.0001,0.1
AXSUSDT,AXS/USDT:USDT,AXS,USDT,TRADING,PERPETUAL,True,0.001,1.0,1.0,5.0,0.001,1.0
BUSDT,B/USDT:USDT,B,USDT,TRADING,PERPETUAL,True,1e-05,1.0,1.0,5.0,1e-05,1.0
B2USDT,B2/USDT:USDT,B2,USDT,TRADING,PERPETUAL,True,0.0001,1.0,1.0,5.0,0.0001,1.0
B3USDT,B3/USDT:USDT,B3,USDT,TRADING,PERPETUAL,True,1e-05,1.0,1.0,5.0,1e-05,1.0
BABYUSDT,BABY/USDT:USDT,BABY,USDT,TRADING,PERPETUAL,True,1e-05,1.0,1.0,5.0,1e-05,1.0
BAKEUSDT,BAKE/USDT:USDT,BAKE,USDT,TRADING,PERPETUAL,True,0.0001,1.0,1.0,5.0,0.0001,1.0
BALUSDT,BAL/USDT:USDT,BAL,USDT,TRADING,PERPETUAL,True,0.001,0.1,0.1,5.0,0.001,0.1
BANUSDT,BAN/USDT:USDT,BAN,USDT,TRADING,PERPETUAL,True,0.0001,1.0,1.0,5.0,0.0001,1.0
BANANAUSDT,BANANA/USDT:USDT,BANANA,USDT,TRADING,PERPETUAL,True,0.001,0.1,0.1,5.0,0.001,0.1
BANANAS31USDT,BANANAS31/USDT:USDT,BANANAS31,USDT,TRADING,PERPETUAL,True,1e-06,1.0,1.0,5.0,1e-06,1.0
BANDUSDT,BAND/USDT:USDT,BAND,USDT,TRADING,PERPETUAL,True,0.0001,0.1,0.1,5.0,0.0001,0.1
BANKUSDT,BANK/USDT:USDT,BANK,USDT,TRADING,PERPETUAL,True,1e-06,1.0,1.0,5.0,1e-06,1.0
BATUSDT,BAT/USDT:USDT,BAT,USDT,TRADING,PERPETUAL,True,0.0001,0.1,0.1,5.0,0.0001,0.1
BBUSDT,BB/USDT:USDT,BB,USDT,TRADING,PERPETUAL,True,0.0001,1.0,1.0,5.0,0.0001,1.0
BCHUSDC,BCH/USDC:USDC,BCH,USDC,TRADING,PERPETUAL,True,0.01,0.001,0.001,5.0,0.01,0.001
BCHUSDT,BCH/USDT:USDT,BCH,USDT,TRADING,PERPETUAL,True,0.01,0.001,0.001,5.0,0.01,0.001
BDXNUSDT,BDXN/USDT:USDT,BDXN,USDT,TRADING,PERPETUAL,True,1e-05,1.0,1.0,5.0,1e-05,1.0
BEAMXUSDT,BEAMX/USDT:USDT,BEAMX,USDT,TRADING,PERPETUAL,True,1e-06,1.0,1.0,5.0,1e-06,1.0
BELUSDT,BEL/USDT:USDT,BEL,USDT,TRADING,PERPETUAL,True,0.0001,1.0,1.0,5.0,0.0001,1.0
BERAUSDT,BERA/USDT:USDT,BERA,USDT,TRADING,PERPETUAL,True,0.001,0.1,0.1,5.0,0.001,0.1
BICOUSDT,BICO/USDT:USDT,BICO,USDT,TRADING,PERPETUAL,True,0.0001,1.0,1.0,5.0,0.0001,1.0
BIGTIMEUSDT,BIGTIME/USDT:USDT,BIGTIME,USDT,TRADING,PERPETUAL,True,0.0001,1.0,1.0,5.0,0.0001,1.0
BIOUSDT,BIO/USDT:USDT,BIO,USDT,TRADING,PERPETUAL,True,0.0001,1.0,1.0,5.0,0.0001,1.0
BLURUSDT,BLUR/USDT:USDT,BLUR,USDT,TRADING,PERPETUAL,True,0.0001,1.0,1.0,5.0,0.0001,1.0
BMTUSDT,BMT/USDT:USDT,BMT,USDT,TRADING,PERPETUAL,True,0.0001,1.0,1.0,5.0,0.0001,1.0
BNBUSDC,BNB/USDC:USDC,BNB,USDC,TRADING,PERPETUAL,True,0.01,0.01,0.01,5.0,0.01,0.01
BNBUSDT,BNB/USDT:USDT,BNB,USDT,TRADING,PERPETUAL,True,0.001,0.01,0.01,5.0,0.001,0.01
BNTUSDT,BNT/USDT:USDT,BNT,USDT,TRADING,PERPETUAL,True,0.0001,1.0,1.0,5.0,0.0001,1.0
BNXUSDT,BNX/USDT:USDT,BNX,USDT,TRADING,PERPETUAL,True,0.001,0.1,0.1,5.0,0.001,0.1
BOMEUSDC,BOME/USDC:USDC,BOME,USDC,TRADING,PERPETUAL,True,1e-06,1.0,1.0,5.0,1e-06,1.0
BOMEUSDT,BOME/USDT:USDT,BOME,USDT,TRADING,PERPETUAL,True,1e-06,1.0,1.0,5.0,1e-06,1.0
BONDUSDT,BOND/USDT:USDT,BOND,USDT,TRADING,PERPETUAL,True,0.001,0.1,0.1,5.0,0.001,0.1
BRUSDT,BR/USDT:USDT,BR,USDT,TRADING,PERPETUAL,True,0.0001,1.0,1.0,5.0,0.0001,1.0
BRETTUSDT,BRETT/USDT:USDT,BRETT,USDT,TRADING,PERPETUAL,True,1e-05,1.0,1.0,5.0,1e-05,1.0
BROCCOLI714USDT,BROCCOLI714/USDT:USDT,BROCCOLI714,USDT,TRADING,PERPETUAL,True,1e-05,1.0,1.0,5.0,1e-05,1.0
BROCCOLIF3BUSDT,BROCCOLIF3B/USDT:USDT,BROCCOLIF3B,USDT,TRADING,PERPETUAL,True,1e-06,1.0,1.0,5.0,1e-06,1.0
BSVUSDT,BSV/USDT:USDT,BSV,USDT,TRADING,PERPETUAL,True,0.01,0.1,0.1,5.0,0.01,0.1
BSWUSDT,BSW/USDT:USDT,BSW,USDT,TRADING,PERPETUAL,True,1e-05,1.0,1.0,5.0,1e-05,1.0
BTCUSDC,BTC/USDC:USDC,BTC,USDC,TRADING,PERPETUAL,True,0.1,0.001,0.001,100.0,0.1,0.001
BTCUSDT,BTC/USDT:USDT,BTC,USDT,TRADING,PERPETUAL,True,0.1,0.001,0.001,100.0,0.1,0.001
BTCDOMUSDT,BTCDOM/USDT:USDT,BTCDOM,USDT,TRADING,PERPETUAL,True,0.1,0.001,0.001,5.0,0.1,0.001
BULLAUSDT,BULLA/USDT:USDT,BULLA,USDT,TRADING,PERPETUAL,True,0.0001,1.0,1.0,5.0,0.0001,1.0
CUSDT,C/USDT:USDT,C,USDT,TRADING,PERPETUAL,True,1e-05,1.0,1.0,5.0,1e-05,1.0
C98USDT,C98/USDT:USDT,C98,USDT,TRADING,PERPETUAL,True,0.0001,1.0,1.0,5.0,0.0001,1.0
CAKEUSDT,CAKE/USDT:USDT,CAKE,USDT,TRADING,PERPETUAL,True,0.0001,1.0,1.0,5.0,0.0001,1.0
CARVUSDT,CARV/USDT:USDT,CARV,USDT,TRADING,PERPETUAL,True,0.0001,1.0,1.0,5.0,0.0001,1.0
CATIUSDT,CATI/USDT:USDT,CATI,USDT,TRADING,PERPETUAL,True,0.0001,1.0,1.0,5.0,0.0001,1.0
CELOUSDT,CELO/USDT:USDT,CELO,USDT,TRADING,PERPETUAL,True,0.001,0.1,0.1,5.0,0.001,0.1
CELRUSDT,CELR/USDT:USDT,CELR,USDT,TRADING,PERPETUAL,True,1e-05,1.0,1.0,5.0,1e-05,1.0
CETUSUSDT,CETUS/USDT:USDT,CETUS,USDT,TRADING,PERPETUAL,True,1e-05,1.0,1.0,5.0,1e-05,1.0
CFXUSDT,CFX/USDT:USDT,CFX,USDT,TRADING,PERPETUAL,True,0.0001,1.0,1.0,5.0,0.0001,1.0
CGPTUSDT,CGPT/USDT:USDT,CGPT,USDT,TRADING,PERPETUAL,True,1e-05,1.0,1.0,5.0,1e-05,1.0
CHESSUSDT,CHESS/USDT:USDT,CHESS,USDT,TRADING,PERPETUAL,True,0.0001,1.0,1.0,5.0,0.0001,1.0
CHILLGUYUSDT,CHILLGUY/USDT:USDT,CHILLGUY,USDT,TRADING,PERPETUAL,True,0.0001,1.0,1.0,5.0,0.0001,1.0
CHRUSDT,CHR/USDT:USDT,CHR,USDT,TRADING,PERPETUAL,True,0.0001,1.0,1.0,5.0,0.0001,1.0
CHZUSDT,CHZ/USDT:USDT,CHZ,USDT,TRADING,PERPETUAL,True,1e-05,1.0,1.0,5.0,1e-05,1.0
CKBUSDT,CKB/USDT:USDT,CKB,USDT,TRADING,PERPETUAL,True,1e-06,1.0,1.0,5.0,1e-06,1.0
COMBOUSDT,COMBO/USDT:USDT,COMBO,USDT,TRADING,PERPETUAL,True,0.0001,0.1,0.1,5.0,0.0001,0.1
COMPUSDT,COMP/USDT:USDT,COMP,USDT,TRADING,PERPETUAL,True,0.01,0.001,0.001,5.0,0.01,0.001
COOKIEUSDT,COOKIE/USDT:USDT,COOKIE,USDT,TRADING,PERPETUAL,True,0.0001,1.0,1.0,5.0,0.0001,1.0
COSUSDT,COS/USDT:USDT,COS,USDT,TRADING,PERPETUAL,True,1e-06,1.0,1.0,5.0,1e-06,1.0
COTIUSDT,COTI/USDT:USDT,COTI,USDT,TRADING,PERPETUAL,True,1e-05,1.0,1.0,5.0,1e-05,1.0
COWUSDT,COW/USDT:USDT,COW,USDT,TRADING,PERPETUAL,True,0.0001,1.0,1.0,5.0,0.0001,1.0
CROSSUSDT,CROSS/USDT:USDT,CROSS,USDT,TRADING,PERPETUAL,True,1e-05,1.0,1.0,5.0,1e-05,1.0
CRVUSDC,CRV/USDC:USDC,CRV,USDC,TRADING,PERPETUAL,True,0.0001,0.1,0.1,5.0,0.0001,0.1
CRVUSDT,CRV/USDT:USDT,CRV,USDT,TRADING,PERPETUAL,True,0.001,0.1,0.1,5.0,0.001,0.1
CTSIUSDT,CTSI/USDT:USDT,CTSI,USDT,TRADING,PERPETUAL,True,0.0001,1.0,1.0,5.0,0.0001,1.0
CYBERUSDT,CYBER/USDT:USDT,CYBER,USDT,TRADING,PERPETUAL,True,0.001,0.1,0.1,5.0,0.001,0.1
DUSDT,D/USDT:USDT,D,USDT,TRADING,PERPETUAL,True,1e-05,1.0,1.0,5.0,1e-05,1.0
DASHUSDT,DASH/USDT:USDT,DASH,USDT,TRADING,PERPETUAL,True,0.01,0.001,0.001,5.0,0.01,0.001
DEEPUSDT,DEEP/USDT:USDT,DEEP,USDT,TRADING,PERPETUAL,True,1e-05,1.0,1.0,5.0,1e-05,1.0
DEFIUSDT,DEFI/USDT:USDT,DEFI,USDT,TRADING,PERPETUAL,True,0.1,0.001,0.001,5.0,0.1,0.001
DEGENUSDT,DEGEN/USDT:USDT,DEGEN,USDT,TRADING,PERPETUAL,True,1e-06,1.0,1.0,5.0,1e-06,1.0
DEGOUSDT,DEGO/USDT:USDT,DEGO,USDT,TRADING,PERPETUAL,True,0.0001,0.1,0.1,5.0,0.0001,0.1
DENTUSDT,DENT/USDT:USDT,DENT,USDT,TRADING,PERPETUAL,True,1e-06,1.0,1.0,5.0,1e-06,1.0
DEXEUSDT,DEXE/USDT:USDT,DEXE,USDT,TRADING,PERPETUAL,True,0.001,0.01,0.01,5.0,0.001,0.01
DFUSDT,DF/USDT:USDT,DF,USDT,TRADING,PERPETUAL,True,1e-05,1.0,1.0,5.0,1e-05,1.0
DIAUSDT,DIA/USDT:USDT,DIA,USDT,TRADING,PERPETUAL,True,0.0001,1.0,1.0,5.0,0.0001,1.0
DMCUSDT,DMC/USDT:USDT,DMC,USDT,TRADING,PERPETUAL,True,1e-05,1.0,1.0,5.0,1e-05,1.0
DODOXUSDT,DODOX/USDT:USDT,DODOX,USDT,TRADING,PERPETUAL,True,1e-06,1.0,1.0,5.0,1e-06,1.0
DOGEUSDC,DOGE/USDC:USDC,DOGE,USDC,TRADING,PERPETUAL,True,1e-05,1.0,1.0,5.0,1e-05,1.0
DOGEUSDT,DOGE/USDT:USDT,DOGE,USDT,TRADING,PERPETUAL,True,1e-05,1.0,1.0,5.0,1e-05,1.0
DOGSUSDT,DOGS/USDT:USDT,DOGS,USDT,TRADING,PERPETUAL,True,1e-07,1.0,1.0,5.0,1e-07,1.0
DOLOUSDT,DOLO/USDT:USDT,DOLO,USDT,TRADING,PERPETUAL,True,1e-06,1.0,1.0,5.0,1e-06,1.0
DOTUSDT,DOT/USDT:USDT,DOT,USDT,TRADING,PERPETUAL,True,0.001,0.1,0.1,5.0,0.001,0.1
DRIFTUSDT,DRIFT/USDT:USDT,DRIFT,USDT,TRADING,PERPETUAL,True,0.0001,1.0,1.0,5.0,0.0001,1.0
DUSKUSDT,DUSK/USDT:USDT,DUSK,USDT,TRADING,PERPETUAL,True,1e-05,1.0,1.0,5.0,1e-05,1.0
DYDXUSDT,DYDX/USDT:USDT,DYDX,USDT,TRADING,PERPETUAL,True,0.0001,0.1,0.1,5.0,0.0001,0.1
DYMUSDT,DYM/USDT:USDT,DYM,USDT,TRADING,PERPETUAL,True,0.001,0.1,0.1,5.0,0.001,0.1
EDUUSDT,EDU/USDT:USDT,EDU,USDT,TRADING,PERPETUAL,True,0.0001,1.0,1.0,5.0,0.0001,1.0
EGLDUSDT,EGLD/USDT:USDT,EGLD,USDT,TRADING,PERPETUAL,True,0.01,0.1,0.1,5.0,0.01,0.1
EIGENUSDT,EIGEN/USDT:USDT,EIGEN,USDT,TRADING,PERPETUAL,True,0.001,0.1,0.1,5.0,0.001,0.1
ENAUSDC,ENA/USDC:USDC,ENA,USDC,TRADING,PERPETUAL,True,0.0001,1.0,1.0,5.0,0.0001,1.0
ENAUSDT,ENA/USDT:USDT,ENA,USDT,TRADING,PERPETUAL,True,0.0001,1.0,1.0,5.0,0.0001,1.0
ENJUSDT,ENJ/USDT:USDT,ENJ,USDT,TRADING,PERPETUAL,True,0.0001,1.0,1.0,5.0,0.0001,1.0
ENSUSDT,ENS/USDT:USDT,ENS,USDT,TRADING,PERPETUAL,True,0.001,0.1,0.1,5.0,0.001,0.1
EPTUSDT,EPT/USDT:USDT,EPT,USDT,TRADING,PERPETUAL,True,1e-06,1.0,1.0,5.0,1e-06,1.0
ESPORTSUSDT,ESPORTS/USDT:USDT,ESPORTS,USDT,TRADING,PERPETUAL,True,0.0001,1.0,1.0,5.0,0.0001,1.0
ETCUSDT,ETC/USDT:USDT,ETC,USDT,TRADING,PERPETUAL,True,0.001,0.01,0.01,5.0,0.001,0.01
ETHBTC,ETH/BTC:BTC,ETH,BTC,TRADING,PERPETUAL,True,1e-05,0.01,0.01,0.001,1e-05,0.01
ETHUSDC,ETH/USDC:USDC,ETH,USDC,TRADING,PERPETUAL,True,0.01,0.001,0.001,20.0,0.01,0.001
ETHUSDT,ETH/USDT:USDT,ETH,USDT,TRADING,PERPETUAL,True,0.01,0.001,0.001,20.0,0.01,0.001
ETHFIUSDC,ETHFI/USDC:USDC,ETHFI,USDC,TRADING,PERPETUAL,True,0.0001,0.1,0.1,5.0,0.0001,0.1
ETHFIUSDT,ETHFI/USDT:USDT,ETHFI,USDT,TRADING,PERPETUAL,True,0.001,0.1,0.1,5.0,0.001,0.1
ETHWUSDT,ETHW/USDT:USDT,ETHW,USDT,TRADING,PERPETUAL,True,0.001,1.0,1.0,5.0,0.001,1.0
FUSDT,F/USDT:USDT,F,USDT,TRADING,PERPETUAL,True,1e-06,1.0,1.0,5.0,1e-06,1.0
FARTCOINUSDT,FARTCOIN/USDT:USDT,FARTCOIN,USDT,TRADING,PERPETUAL,True,0.0001,0.1,0.1,5.0,0.0001,0.1
FETUSDT,FET/USDT:USDT,FET,USDT,TRADING,PERPETUAL,True,0.0001,1.0,1.0,5.0,0.0001,1.0
FHEUSDT,FHE/USDT:USDT,FHE,USDT,TRADING,PERPETUAL,True,1e-05,1.0,1.0,5.0,1e-05,1.0
FIDAUSDT,FIDA/USDT:USDT,FIDA,USDT,TRADING,PERPETUAL,True,0.0001,1.0,1.0,5.0,0.0001,1.0
FILUSDC,FIL/USDC:USDC,FIL,USDC,TRADING,PERPETUAL,True,0.001,0.1,0.1,5.0,0.001,0.1
FILUSDT,FIL/USDT:USDT,FIL,USDT,TRADING,PERPETUAL,True,0.001,0.1,0.1,5.0,0.001,0.1
FIOUSDT,FIO/USDT:USDT,FIO,USDT,TRADING,PERPETUAL,True,1e-05,1.0,1.0,5.0,1e-05,1.0
FISUSDT,FIS/USDT:USDT,FIS,USDT,TRADING,PERPETUAL,True,1e-05,1.0,1.0,5.0,1e-05,1.0
FLMUSDT,FLM/USDT:USDT,FLM,USDT,TRADING,PERPETUAL,True,0.0001,1.0,1.0,5.0,0.0001,1.0
FLOWUSDT,FLOW/USDT:USDT,FLOW,USDT,TRADING,PERPETUAL,True,0.001,0.1,0.1,5.0,0.001,0.1
FLUXUSDT,FLUX/USDT:USDT,FLUX,USDT,TRADING,PERPETUAL,True,0.0001,1.0,1.0,5.0,0.0001,1.0
FORTHUSDT,FORTH/USDT:USDT,FORTH,USDT,TRADING,PERPETUAL,True,0.001,0.1,0.1,5.0,0.001,0.1
FUNUSDT,FUN/USDT:USDT,FUN,USDT,TRADING,PERPETUAL,True,1e-06,1.0,1.0,5.0,1e-06,1.0
FXSUSDT,FXS/USDT:USDT,FXS,USDT,TRADING,PERPETUAL,True,0.0001,0.1,0.1,5.0,0.0001,0.1
GUSDT,G/USDT:USDT,G,USDT,TRADING,PERPETUAL,True,1e-05,1.0,1.0,5.0,1e-05,1.0
GALAUSDT,GALA/USDT:USDT,GALA,USDT,TRADING,PERPETUAL,True,1e-05,1.0,1.0,5.0,1e-05,1.0
GASUSDT,GAS/USDT:USDT,GAS,USDT,TRADING,PERPETUAL,True,0.001,0.1,0.1,5.0,0.001,0.1
GHSTUSDT,GHST/USDT:USDT,GHST,USDT,TRADING,PERPETUAL,True,0.001,1.0,1.0,5.0,0.001,1.0
GLMUSDT,GLM/USDT:USDT,GLM,USDT,TRADING,PERPETUAL,True,0.0001,1.0,1.0,5.0,0.0001,1.0
GMTUSDT,GMT/USDT:USDT,GMT,USDT,TRADING,PERPETUAL,True,0.0001,1.0,1.0,5.0,0.0001,1.0
GMXUSDT,GMX/USDT:USDT,GMX,USDT,TRADING,PERPETUAL,True,0.001,0.01,0.01,5.0,0.001,0.01
GOATUSDT,GOAT/USDT:USDT,GOAT,USDT,TRADING,PERPETUAL,True,0.0001,1.0,1.0,5.0,0.0001,1.0
GPSUSDT,GPS/USDT:USDT,GPS,USDT,TRADING,PERPETUAL,True,0.0001,1.0,1.0,5.0,0.0001,1.0
GRASSUSDT,GRASS/USDT:USDT,GRASS,USDT,TRADING,PERPETUAL,True,0.0001,0.1,0.1,5.0,0.0001,0.1
GRIFFAINUSDT,GRIFFAIN/USDT:USDT,GRIFFAIN,USDT,TRADING,PERPETUAL,True,1e-05,1.0,1.0,5.0,1e-05,1.0
GRTUSDT,GRT/USDT:USDT,GRT,USDT,TRADING,PERPETUAL,True,1e-05,1.0,1.0,5.0,1e-05,1.0
GTCUSDT,GTC/USDT:USDT,GTC,USDT,TRADING,PERPETUAL,True,0.001,0.1,0.1,5.0,0.001,0.1
HUSDT,H/USDT:USDT,H,USDT,TRADING,PERPETUAL,True,1e-05,1.0,1.0,5.0,1e-05,1.0
HAEDALUSDT,HAEDAL/USDT:USDT,HAEDAL,USDT,TRADING,PERPETUAL,True,1e-06,1.0,1.0,5.0,1e-06,1.0
HBARUSDC,HBAR/USDC:USDC,HBAR,USDC,TRADING,PERPETUAL,True,1e-05,1.0,1.0,5.0,1e-05,1.0
HBARUSDT,HBAR/USDT:USDT,HBAR,USDT,TRADING,PERPETUAL,True,1e-05,1.0,1.0,5.0,1e-05,1.0
HEIUSDT,HEI/USDT:USDT,HEI,USDT,TRADING,PERPETUAL,True,0.0001,0.1,0.1,5.0,0.0001,0.1
HFTUSDT,HFT/USDT:USDT,HFT,USDT,TRADING,PERPETUAL,True,0.0001,1.0,1.0,5.0,0.0001,1.0
HIFIUSDT,HIFI/USDT:USDT,HIFI,USDT,TRADING,PERPETUAL,True,0.0001,1.0,1.0,5.0,0.0001,1.0
HIGHUSDT,HIGH/USDT:USDT,HIGH,USDT,TRADING,PERPETUAL,True,0.0001,0.1,0.1,5.0,0.0001,0.1
HIPPOUSDT,HIPPO/USDT:USDT,HIPPO,USDT,TRADING,PERPETUAL,True,1e-05,1.0,1.0,5.0,1e-05,1.0
HIVEUSDT,HIVE/USDT:USDT,HIVE,USDT,TRADING,PERPETUAL,True,1e-05,1.0,1.0,5.0,1e-05,1.0
HMSTRUSDT,HMSTR/USDT:USDT,HMSTR,USDT,TRADING,PERPETUAL,True,1e-06,1.0,1.0,5.0,1e-06,1.0
HOOKUSDT,HOOK/USDT:USDT,HOOK,USDT,TRADING,PERPETUAL,True,0.001,0.1,0.1,5.0,0.001,0.1
HOTUSDT,HOT/USDT:USDT,HOT,USDT,TRADING,PERPETUAL,True,1e-06,1.0,1.0,5.0,1e-06,1.0
HYPEUSDT,HYPE/USDT:USDT,HYPE,USDT,TRADING,PERPETUAL,True,0.001,0.01,0.01,5.0,0.001,0.01
HYPERUSDT,HYPER/USDT:USDT,HYPER,USDT,TRADING,PERPETUAL,True,0.0001,1.0,1.0,5.0,0.0001,1.0
ICNTUSDT,ICNT/USDT:USDT,ICNT,USDT,TRADING,PERPETUAL,True,0.0001,1.0,1.0,5.0,0.0001,1.0
ICXUSDT,ICX/USDT:USDT,ICX,USDT,TRADING,PERPETUAL,True,0.0001,1.0,1.0,5.0,0.0001,1.0
IDUSDT,ID/USDT:USDT,ID,USDT,TRADING,PERPETUAL,True,1e-05,1.0,1.0,5.0,1e-05,1.0
IDOLUSDT,IDOL/USDT:USDT,IDOL,USDT,TRADING,PERPETUAL,True,1e-05,1.0,1.0,5.0,1e-05,1.0
ILVUSDT,ILV/USDT:USDT,ILV,USDT,TRADING,PERPETUAL,True,0.01,0.1,0.1,5.0,0.01,0.1
IMXUSDT,IMX/USDT:USDT,IMX,USDT,TRADING,PERPETUAL,True,0.0001,1.0,1.0,5.0,0.0001,1.0
INUSDT,IN/USDT:USDT,IN,USDT,TRADING,PERPETUAL,True,0.0001,1.0,1.0,5.0,0.0001,1.0
INITUSDT,INIT/USDT:USDT,INIT,USDT,TRADING,PERPETUAL,True,0.0001,1.0,1.0,5.0,0.0001,1.0
INJUSDT,INJ/USDT:USDT,INJ,USDT,TRADING,PERPETUAL,True,0.001,0.1,0.1,5.0,0.001,0.1
IOUSDT,IO/USDT:USDT,IO,USDT,TRADING,PERPETUAL,True,0.001,0.1,0.1,5.0,0.001,0.1
IOSTUSDT,IOST/USDT:USDT,IOST,USDT,TRADING,PERPETUAL,True,1e-06,1.0,1.0,5.0,1e-06,1.0
IOTAUSDT,IOTA/USDT:USDT,IOTA,USDT,TRADING,PERPETUAL,True,0.0001,0.1,0.1,5.0,0.0001,0.1
IOTXUSDT,IOTX/USDT:USDT,IOTX,USDT,TRADING,PERPETUAL,True,1e-05,1.0,1.0,5.0,1e-05,1.0
IPUSDC,IP/USDC:USDC,IP,USDC,TRADING,PERPETUAL,True,1e-05,0.1,0.1,5.0,1e-05,0.1
IPUSDT,IP/USDT:USDT,IP,USDT,TRADING,PERPETUAL,True,1e-05,0.1,0.1,5.0,1e-05,0.1
JASMYUSDT,JASMY/USDT:USDT,JASMY,USDT,TRADING,PERPETUAL,True,1e-05,1.0,1.0,5.0,1e-05,1.0
JOEUSDT,JOE/USDT:USDT,JOE,USDT,TRADING,PERPETUAL,True,0.0001,1.0,1.0,5.0,0.0001,1.0
JSTUSDT,JST/USDT:USDT,JST,USDT,TRADING,PERPETUAL,True,1e-06,1.0,1.0,5.0,1e-06,1.0
JTOUSDT,JTO/USDT:USDT,JTO,USDT,TRADING,PERPETUAL,True,0.0001,1.0,1.0,5.0,0.0001,1.0
JUPUSDT,JUP/USDT:USDT,JUP,USDT,TRADING,PERPETUAL,True,0.0001,1.0,1.0,5.0,0.0001,1.0
KAIAUSDT,KAIA/USDT:USDT,KAIA,USDT,TRADING,PERPETUAL,True,0.0001,1.0,1.0,5.0,0.0001,1.0
KAITOUSDC,KAITO/USDC:USDC,KAITO,USDC,TRADING,PERPETUAL,True,0.0001,0.1,0.1,5.0,0.0001,0.1
KAITOUSDT,KAITO/USDT:USDT,KAITO,USDT,TRADING,PERPETUAL,True,0.0001,0.1,0.1,5.0,0.0001,0.1
KASUSDT,KAS/USDT:USDT,KAS,USDT,TRADING,PERPETUAL,True,1e-05,1.0,1.0,5.0,1e-05,1.0
KAVAUSDT,KAVA/USDT:USDT,KAVA,USDT,TRADING,PERPETUAL,True,0.0001,0.1,0.1,5.0,0.0001,0.1
KDAUSDT,KDA/USDT:USDT,KDA,USDT,TRADING,PERPETUAL,True,0.0001,1.0,1.0,5.0,0.0001,1.0
KMNOUSDT,KMNO/USDT:USDT,KMNO,USDT,TRADING,PERPETUAL,True,1e-05,1.0,1.0,5.0,1e-05,1.0
KNCUSDT,KNC/USDT:USDT,KNC,USDT,TRADING,PERPETUAL,True,0.0001,1.0,1.0,5.0,0.0001,1.0
KOMAUSDT,KOMA/USDT:USDT,KOMA,USDT,TRADING,PERPETUAL,True,1e-05,1.0,1.0,5.0,1e-05,1.0
KSMUSDT,KSM/USDT:USDT,KSM,USDT,TRADING,PERPETUAL,True,0.01,0.1,0.1,5.0,0.01,0.1
LAYERUSDT,LAYER/USDT:USDT,LAYER,USDT,TRADING,PERPETUAL,True,0.0001,0.1,0.1,5.0,0.0001,0.1
LDOUSDT,LDO/USDT:USDT,LDO,USDT,TRADING,PERPETUAL,True,0.0001,1.0,1.0,5.0,0.0001,1.0
LEVERUSDT,LEVER/USDT:USDT,LEVER,USDT,TRADING,PERPETUAL,True,1e-07,1.0,1.0,5.0,1e-07,1.0
LINAUSDT,LINA/USDT:USDT,LINA,USDT,TRADING,PERPETUAL,True,1e-05,1.0,1.0,5.0,1e-05,1.0
LINKUSDC,LINK/USDC:USDC,LINK,USDC,TRADING,PERPETUAL,True,0.001,0.01,0.01,5.0,0.001,0.01
LINKUSDT,LINK/USDT:USDT,LINK,USDT,TRADING,PERPETUAL,True,0.001,0.01,0.01,5.0,0.001,0.01
LISTAUSDT,LISTA/USDT:USDT,LISTA,USDT,TRADING,PERPETUAL,True,0.0001,1.0,1.0,5.0,0.0001,1.0
LITUSDT,LIT/USDT:USDT,LIT,USDT,TRADING,PERPETUAL,True,0.001,0.1,0.1,5.0,0.001,0.1
LOOMUSDT,LOOM/USDT:USDT,LOOM,USDT,TRADING,PERPETUAL,True,1e-05,1.0,1.0,5.0,1e-05,1.0
LPTUSDT,LPT/USDT:USDT,LPT,USDT,TRADING,PERPETUAL,True,0.001,0.1,0.1,5.0,0.001,0.1
LQTYUSDT,LQTY/USDT:USDT,LQTY,USDT,TRADING,PERPETUAL,True,0.0001,0.1,0.1,5.0,0.0001,0.1
LRCUSDT,LRC/USDT:USDT,LRC,USDT,TRADING,PERPETUAL,True,0.0001,1.0,1.0,5.0,0.0001,1.0
LSKUSDT,LSK/USDT:USDT,LSK,USDT,TRADING,PERPETUAL,True,0.0001,1.0,1.0,5.0,0.0001,1.0
LTCUSDC,LTC/USDC:USDC,LTC,USDC,TRADING,PERPETUAL,True,0.01,0.001,0.001,5.0,0.01,0.001
LTCUSDT,LTC/USDT:USDT,LTC,USDT,TRADING,PERPETUAL,True,0.1,0.001,0.001,5.0,0.1,0.001
LUMIAUSDT,LUMIA/USDT:USDT,LUMIA,USDT,TRADING,PERPETUAL,True,0.001,0.1,0.1,5.0,0.001,0.1
LUNA2USDT,LUNA2/USDT:USDT,LUNA2,USDT,TRADING,PERPETUAL,True,0.0001,1.0,1.0,5.0,0.0001,1.0
MUSDT,M/USDT:USDT,M,USDT,TRADING,PERPETUAL,True,0.0001,1.0,1.0,5.0,0.0001,1.0
MAGICUSDT,MAGIC/USDT:USDT,MAGIC,USDT,TRADING,PERPETUAL,True,0.0001,0.1,0.1,5.0,0.0001,0.1
MANAUSDT,MANA/USDT:USDT,MANA,USDT,TRADING,PERPETUAL,True,0.0001,1.0,1.0,5.0,0.0001,1.0
MANTAUSDT,MANTA/USDT:USDT,MANTA,USDT,TRADING,PERPETUAL,True,0.0001,0.1,0.1,5.0,0.0001,0.1
MASKUSDT,MASK/USDT:USDT,MASK,USDT,TRADING,PERPETUAL,True,0.001,1.0,1.0,5.0,0.001,1.0
MAVUSDT,MAV/USDT:USDT,MAV,USDT,TRADING,PERPETUAL,True,0.0001,1.0,1.0,5.0,0.0001,1.0
MBOXUSDT,MBOX/USDT:USDT,MBOX,USDT,TRADING,PERPETUAL,True,0.0001,1.0,1.0,5.0,0.0001,1.0
MEUSDT,ME/USDT:USDT,ME,USDT,TRADING,PERPETUAL,True,0.001,0.1,0.1,5.0,0.001,0.1
MELANIAUSDT,MELANIA/USDT:USDT,MELANIA,USDT,TRADING,PERPETUAL,True,0.001,0.01,0.01,5.0,0.001,0.01
MEMEUSDT,MEME/USDT:USDT,MEME,USDT,TRADING,PERPETUAL,True,1e-06,1.0,1.0,5.0,1e-06,1.0
MEMEFIUSDT,MEMEFI/USDT:USDT,MEMEFI,USDT,TRADING,PERPETUAL,True,1e-06,1.0,1.0,5.0,1e-06,1.0
MERLUSDT,MERL/USDT:USDT,MERL,USDT,TRADING,PERPETUAL,True,1e-05,1.0,1.0,5.0,1e-05,1.0
METISUSDT,METIS/USDT:USDT,METIS,USDT,TRADING,PERPETUAL,True,0.01,0.01,0.01,5.0,0.01,0.01
MEWUSDT,MEW/USDT:USDT,MEW,USDT,TRADING,PERPETUAL,True,1e-06,1.0,1.0,5.0,1e-06,1.0
MILKUSDT,MILK/USDT:USDT,MILK,USDT,TRADING,PERPETUAL,True,1e-05,1.0,1.0,5.0,1e-05,1.0
MINAUSDT,MINA/USDT:USDT,MINA,USDT,TRADING,PERPETUAL,True,0.0001,1.0,1.0,5.0,0.0001,1.0
MKRUSDT,MKR/USDT:USDT,MKR,USDT,TRADING,PERPETUAL,True,0.1,0.001,0.001,5.0,0.1,0.001
MLNUSDT,MLN/USDT:USDT,MLN,USDT,TRADING,PERPETUAL,True,0.01,0.01,0.01,5.0,0.01,0.01
MOCAUSDT,MOCA/USDT:USDT,MOCA,USDT,TRADING,PERPETUAL,True,0.0001,1.0,1.0,5.0,0.0001,1.0
MOODENGUSDT,MOODENG/USDT:USDT,MOODENG,USDT,TRADING,PERPETUAL,True,1e-05,1.0,1.0,5.0,1e-05,1.0
MORPHOUSDT,MORPHO/USDT:USDT,MORPHO,USDT,TRADING,PERPETUAL,True,0.0001,0.1,0.1,5.0,0.0001,0.1
MOVEUSDT,MOVE/USDT:USDT,MOVE,USDT,TRADING,PERPETUAL,True,0.0001,1.0,1.0,5.0,0.0001,1.0
MOVRUSDT,MOVR/USDT:USDT,MOVR,USDT,TRADING,PERPETUAL,True,0.001,0.01,0.01,5.0,0.001,0.01
MTLUSDT,MTL/USDT:USDT,MTL,USDT,TRADING,PERPETUAL,True,0.0001,1.0,1.0,5.0,0.0001,1.0
MUBARAKUSDT,MUBARAK/USDT:USDT,MUBARAK,USDT,TRADING,PERPETUAL,True,0.0001,1.0,1.0,5.0,0.0001,1.0
MYROUSDT,MYRO/USDT:USDT,MYRO,USDT,TRADING,PERPETUAL,True,1e-05,1.0,1.0,5.0,1e-05,1.0
MYXUSDT,MYX/USDT:USDT,MYX,USDT,TRADING,PERPETUAL,True,1e-05,1.0,1.0,5.0,1e-05,1.0
NAORISUSDT,NAORIS/USDT:USDT,NAORIS,USDT,TRADING,PERPETUAL,True,0.0001,1.0,1.0,5.0,0.0001,1.0
NEARUSDC,NEAR/USDC:USDC,NEAR,USDC,TRADING,PERPETUAL,True,0.001,1.0,1.0,5.0,0.001,1.0
NEARUSDT,NEAR/USDT:USDT,NEAR,USDT,TRADING,PERPETUAL,True,0.001,1.0,1.0,5.0,0.001,1.0
NEIROUSDT,NEIRO/USDT:USDT,NEIRO,USDT,TRADING,PERPETUAL,True,1e-08,1.0,1.0,5.0,1e-08,1.0
NEIROETHUSDT,NEIROETH/USDT:USDT,NEIROETH,USDT,TRADING,PERPETUAL,True,0.0001,1.0,1.0,5.0,0.0001,1.0
NEOUSDC,NEO/USDC:USDC,NEO,USDC,TRADING,PERPETUAL,True,0.001,0.01,0.01,5.0,0.001,0.01
NEOUSDT,NEO/USDT:USDT,NEO,USDT,TRADING,PERPETUAL,True,0.001,0.01,0.01,5.0,0.001,0.01
NEWTUSDT,NEWT/USDT:USDT,NEWT,USDT,TRADING,PERPETUAL,True,0.0001,1.0,1.0,5.0,0.0001,1.0
NFPUSDT,NFP/USDT:USDT,NFP,USDT,TRADING,PERPETUAL,True,0.0001,0.1,0.1,5.0,0.0001,0.1
NKNUSDT,NKN/USDT:USDT,NKN,USDT,TRADING,PERPETUAL,True,1e-05,1.0,1.0,5.0,1e-05,1.0
NMRUSDT,NMR/USDT:USDT,NMR,USDT,TRADING,PERPETUAL,True,0.001,0.1,0.1,5.0,0.001,0.1
NOTUSDT,NOT/USDT:USDT,NOT,USDT,TRADING,PERPETUAL,True,1e-06,1.0,1.0,5.0,1e-06,1.0
NTRNUSDT,NTRN/USDT:USDT,NTRN,USDT,TRADING,PERPETUAL,True,0.0001,1.0,1.0,5.0,0.0001,1.0
NULSUSDT,NULS/USDT:USDT,NULS,USDT,TRADING,PERPETUAL,True,0.0001,1.0,1.0,5.0,0.0001,1.0
NXPCUSDT,NXPC/USDT:USDT,NXPC,USDT,TRADING,PERPETUAL,True,1e-05,1.0,1.0,5.0,1e-05,1.0
OBOLUSDT,OBOL/USDT:USDT,OBOL,USDT,TRADING,PERPETUAL,True,1e-05,0.1,0.1,5.0,1e-05,0.1
OGUSDT,OG/USDT:USDT,OG,USDT,TRADING,PERPETUAL,True,0.001,0.01,0.01,5.0,0.001,0.01
OGNUSDT,OGN/USDT:USDT,OGN,USDT,TRADING,PERPETUAL,True,0.0001,1.0,1.0,5.0,0.0001,1.0
OLUSDT,OL/USDT:USDT,OL,USDT,TRADING,PERPETUAL,True,1e-05,1.0,1.0,5.0,1e-05,1.0
OMUSDT,OM/USDT:USDT,OM,USDT,TRADING,PERPETUAL,True,1e-05,0.1,0.1,5.0,1e-05,0.1
OMGUSDT,OMG/USDT:USDT,OMG,USDT,TRADING,PERPETUAL,True,0.001,0.1,0.1,5.0,0.001,0.1
OMNIUSDT,OMNI/USDT:USDT,OMNI,USDT,TRADING,PERPETUAL,True,1e-05,0.01,0.01,5.0,1e-05,0.01
ONDOUSDT,ONDO/USDT:USDT,ONDO,USDT,TRADING,PERPETUAL,True,0.0001,1.0,1.0,5.0,0.0001,1.0
ONEUSDT,ONE/USDT:USDT,ONE,USDT,TRADING,PERPETUAL,True,1e-05,1.0,1.0,5.0,1e-05,1.0
ONGUSDT,ONG/USDT:USDT,ONG,USDT,TRADING,PERPETUAL,True,0.0001,1.0,1.0,5.0,0.0001,1.0
ONTUSDT,ONT/USDT:USDT,ONT,USDT,TRADING,PERPETUAL,True,0.0001,0.1,0.1,5.0,0.0001,0.1
OPUSDT,OP/USDT:USDT,OP,USDT,TRADING,PERPETUAL,True,0.0001,0.1,0.1,5.0,0.0001,0.1
ORBSUSDT,ORBS/USDT:USDT,ORBS,USDT,TRADING,PERPETUAL,True,1e-05,1.0,1.0,5.0,1e-05,1.0
ORCAUSDT,ORCA/USDT:USDT,ORCA,USDT,TRADING,PERPETUAL,True,0.001,0.1,0.1,5.0,0.001,0.1
ORDIUSDC,ORDI/USDC:USDC,ORDI,USDC,TRADING,PERPETUAL,True,0.001,0.1,0.1,5.0,0.001,0.1
ORDIUSDT,ORDI/USDT:USDT,ORDI,USDT,TRADING,PERPETUAL,True,0.001,0.1,0.1,5.0,0.001,0.1
OXTUSDT,OXT/USDT:USDT,OXT,USDT,TRADING,PERPETUAL,True,1e-05,1.0,1.0,5.0,1e-05,1.0
PAXGUSDT,PAXG/USDT:USDT,PAXG,USDT,TRADING,PERPETUAL,True,0.01,0.001,0.001,5.0,0.01,0.001
PENDLEUSDT,PENDLE/USDT:USDT,PENDLE,USDT,TRADING,PERPETUAL,True,0.0001,1.0,1.0,5.0,0.0001,1.0
PENGUUSDC,PENGU/USDC:USDC,PENGU,USDC,TRADING,PERPETUAL,True,1e-06,1.0,1.0,5.0,1e-06,1.0
PENGUUSDT,PENGU/USDT:USDT,PENGU,USDT,TRADING,PERPETUAL,True,1e-06,1.0,1.0,5.0,1e-06,1.0
PEOPLEUSDT,PEOPLE/USDT:USDT,PEOPLE,USDT,TRADING,PERPETUAL,True,1e-05,1.0,1.0,5.0,1e-05,1.0
PERPUSDT,PERP/USDT:USDT,PERP,USDT,TRADING,PERPETUAL,True,0.0001,0.1,0.1,5.0,0.0001,0.1
PHAUSDT,PHA/USDT:USDT,PHA,USDT,TRADING,PERPETUAL,True,1e-05,1.0,1.0,5.0,1e-05,1.0
PHBUSDT,PHB/USDT:USDT,PHB,USDT,TRADING,PERPETUAL,True,0.0001,1.0,1.0,5.0,0.0001,1.0
PIPPINUSDT,PIPPIN/USDT:USDT,PIPPIN,USDT,TRADING,PERPETUAL,True,1e-05,1.0,1.0,5.0,1e-05,1.0
PIXELUSDT,PIXEL/USDT:USDT,PIXEL,USDT,TRADING,PERPETUAL,True,0.0001,1.0,1.0,5.0,0.0001,1.0
PLAYUSDT,PLAY/USDT:USDT,PLAY,USDT,TRADING,PERPETUAL,True,1e-05,1.0,1.0,5.0,1e-05,1.0
PLUMEUSDT,PLUME/USDT:USDT,PLUME,USDT,TRADING,PERPETUAL,True,0.0001,1.0,1.0,5.0,0.0001,1.0
PNUTUSDC,PNUT/USDC:USDC,PNUT,USDC,TRADING,PERPETUAL,True,1e-05,1.0,1.0,5.0,1e-05,1.0
PNUTUSDT,PNUT/USDT:USDT,PNUT,USDT,TRADING,PERPETUAL,True,1e-05,1.0,1.0,5.0,1e-05,1.0
POLUSDT,POL/USDT:USDT,POL,USDT,TRADING,PERPETUAL,True,0.0001,1.0,1.0,5.0,0.0001,1.0
POLYXUSDT,POLYX/USDT:USDT,POLYX,USDT,TRADING,PERPETUAL,True,1e-05,1.0,1.0,5.0,1e-05,1.0
PONKEUSDT,PONKE/USDT:USDT,PONKE,USDT,TRADING,PERPETUAL,True,1e-05,1.0,1.0,5.0,1e-05,1.0
POPCATUSDT,POPCAT/USDT:USDT,POPCAT,USDT,TRADING,PERPETUAL,True,0.0001,1.0,1.0,5.0,0.0001,1.0
PORT3USDT,PORT3/USDT:USDT,PORT3,USDT,TRADING,PERPETUAL,True,1e-05,1.0,1.0,5.0,1e-05,1.0
PORTALUSDT,PORTAL/USDT:USDT,PORTAL,USDT,TRADING,PERPETUAL,True,0.0001,0.1,0.1,5.0,0.0001,0.1
POWRUSDT,POWR/USDT:USDT,POWR,USDT,TRADING,PERPETUAL,True,0.0001,1.0,1.0,5.0,0.0001,1.0
PROMUSDT,PROM/USDT:USDT,PROM,USDT,TRADING,PERPETUAL,True,0.001,0.1,0.1,5.0,0.001,0.1
PROMPTUSDT,PROMPT/USDT:USDT,PROMPT,USDT,TRADING,PERPETUAL,True,0.0001,1.0,1.0,5.0,0.0001,1.0
PUFFERUSDT,PUFFER/USDT:USDT,PUFFER,USDT,TRADING,PERPETUAL,True,1e-05,1.0,1.0,5.0,1e-05,1.0
PUNDIXUSDT,PUNDIX/USDT:USDT,PUNDIX,USDT,TRADING,PERPETUAL,True,0.0001,1.0,1.0,5.0,0.0001,1.0
PYTHUSDT,PYTH/USDT:USDT,PYTH,USDT,TRADING,PERPETUAL,True,0.0001,1.0,1.0,5.0,0.0001,1.0
QNTUSDT,QNT/USDT:USDT,QNT,USDT,TRADING,PERPETUAL,True,0.01,0.1,0.1,5.0,0.01,0.1
QTUMUSDT,QTUM/USDT:USDT,QTUM,USDT,TRADING,PERPETUAL,True,0.001,0.1,0.1,5.0,0.001,0.1
QUICKUSDT,QUICK/USDT:USDT,QUICK,USDT,TRADING,PERPETUAL,True,1e-05,1.0,1.0,5.0,1e-05,1.0
RAREUSDT,RARE/USDT:USDT,RARE,USDT,TRADING,PERPETUAL,True,0.0001,1.0,1.0,5.0,0.0001,1.0
RAYSOLUSDT,RAYSOL/USDT:USDT,RAYSOL,USDT,TRADING,PERPETUAL,True,0.0001,0.1,0.1,5.0,0.0001,0.1
RDNTUSDT,RDNT/USDT:USDT,RDNT,USDT,TRADING,PERPETUAL,True,0.0001,1.0,1.0,5.0,0.0001,1.0
REDUSDT,RED/USDT:USDT,RED,USDT,TRADING,PERPETUAL,True,0.0001,1.0,1.0,5.0,0.0001,1.0
REIUSDT,REI/USDT:USDT,REI,USDT,TRADING,PERPETUAL,True,1e-05,1.0,1.0,5.0,1e-05,1.0
RENDERUSDT,RENDER/USDT:USDT,RENDER,USDT,TRADING,PERPETUAL,True,0.001,0.1,0.1,5.0,0.001,0.1
REZUSDT,REZ/USDT:USDT,REZ,USDT,TRADING,PERPETUAL,True,0.0001,1.0,1.0,5.0,0.0001,1.0
RIFUSDT,RIF/USDT:USDT,RIF,USDT,TRADING,PERPETUAL,True,1e-05,1.0,1.0,5.0,1e-05,1.0
RLCUSDT,RLC/USDT:USDT,RLC,USDT,TRADING,PERPETUAL,True,0.0001,0.1,0.1,5.0,0.0001,0.1
RONINUSDT,RONIN/USDT:USDT,RONIN,USDT,TRADING,PERPETUAL,True,0.001,0.1,0.1,5.0,0.001,0.1
ROSEUSDT,ROSE/USDT:USDT,ROSE,USDT,TRADING,PERPETUAL,True,1e-05,1.0,1.0,5.0,1e-05,1.0
RPLUSDT,RPL/USDT:USDT,RPL,USDT,TRADING,PERPETUAL,True,0.01,0.1,0.1,5.0,0.01,0.1
RSRUSDT,RSR/USDT:USDT,RSR,USDT,TRADING,PERPETUAL,True,1e-06,1.0,1.0,5.0,1e-06,1.0
RUNEUSDT,RUNE/USDT:USDT,RUNE,USDT,TRADING,PERPETUAL,True,0.001,1.0,1.0,5.0,0.001,1.0
RVNUSDT,RVN/USDT:USDT,RVN,USDT,TRADING,PERPETUAL,True,1e-05,1.0,1.0,5.0,1e-05,1.0
SUSDT,S/USDT:USDT,S,USDT,TRADING,PERPETUAL,True,0.0001,1.0,1.0,5.0,0.0001,1.0
SAFEUSDT,SAFE/USDT:USDT,SAFE,USDT,TRADING,PERPETUAL,True,0.0001,1.0,1.0,5.0,0.0001,1.0
SAGAUSDT,SAGA/USDT:USDT,SAGA,USDT,TRADING,PERPETUAL,True,0.0001,0.1,0.1,5.0,0.0001,0.1
SANDUSDT,SAND/USDT:USDT,SAND,USDT,TRADING,PERPETUAL,True,0.0001,1.0,1.0,5.0,0.0001,1.0
SANTOSUSDT,SANTOS/USDT:USDT,SANTOS,USDT,TRADING,PERPETUAL,True,0.001,0.1,0.1,5.0,0.001,0.1
SCRUSDT,SCR/USDT:USDT,SCR,USDT,TRADING,PERPETUAL,True,0.001,1.0,1.0,5.0,0.001,1.0
SCRTUSDT,SCRT/USDT:USDT,SCRT,USDT,TRADING,PERPETUAL,True,0.0001,1.0,1.0,5.0,0.0001,1.0
SEIUSDT,SEI/USDT:USDT,SEI,USDT,TRADING,PERPETUAL,True,0.0001,1.0,1.0,5.0,0.0001,1.0
SFPUSDT,SFP/USDT:USDT,SFP,USDT,TRADING,PERPETUAL,True,0.0001,1.0,1.0,5.0,0.0001,1.0
SHELLUSDT,SHELL/USDT:USDT,SHELL,USDT,TRADING,PERPETUAL,True,0.0001,1.0,1.0,5.0,0.0001,1.0
SIGNUSDT,SIGN/USDT:USDT,SIGN,USDT,TRADING,PERPETUAL,True,1e-05,1.0,1.0,5.0,1e-05,1.0
SIRENUSDT,SIREN/USDT:USDT,SIREN,USDT,TRADING,PERPETUAL,True,1e-05,1.0,1.0,5.0,1e-05,1.0
SKATEUSDT,SKATE/USDT:USDT,SKATE,USDT,TRADING,PERPETUAL,True,1e-05,1.0,1.0,5.0,1e-05,1.0
SKLUSDT,SKL/USDT:USDT,SKL,USDT,TRADING,PERPETUAL,True,1e-05,1.0,1.0,5.0,1e-05,1.0
SKYAIUSDT,SKYAI/USDT:USDT,SKYAI,USDT,TRADING,PERPETUAL,True,1e-05,1.0,1.0,5.0,1e-05,1.0
SLERFUSDT,SLERF/USDT:USDT,SLERF,USDT,TRADING,PERPETUAL,True,0.0001,1.0,1.0,5.0,0.0001,1.0
SLPUSDT,SLP/USDT:USDT,SLP,USDT,TRADING,PERPETUAL,True,1e-06,1.0,1.0,5.0,1e-06,1.0
SNXUSDT,SNX/USDT:USDT,SNX,USDT,TRADING,PERPETUAL,True,0.001,0.1,0.1,5.0,0.001,0.1
SOLUSDC,SOL/USDC:USDC,SOL,USDC,TRADING,PERPETUAL,True,0.001,0.01,0.01,5.0,0.001,0.01
SOLUSDT,SOL/USDT:USDT,SOL,USDT,TRADING,PERPETUAL,True,0.1,1.0,1.0,5.0,0.1,1.0
SONICUSDT,SONIC/USDT:USDT,SONIC,USDT,TRADING,PERPETUAL,True,0.0001,0.1,0.1,5.0,0.0001,0.1
SPELLUSDT,SPELL/USDT:USDT,SPELL,USDT,TRADING,PERPETUAL,True,1e-07,1.0,100.0,5.0,1e-07,1.0
SPXUSDT,SPX/USDT:USDT,SPX,USDT,TRADING,PERPETUAL,True,0.0001,1.0,1.0,5.0,0.0001,1.0
SQDUSDT,SQD/USDT:USDT,SQD,USDT,TRADING,PERPETUAL,True,1e-05,1.0,1.0,5.0,1e-05,1.0
SSVUSDT,SSV/USDT:USDT,SSV,USDT,TRADING,PERPETUAL,True,0.001,0.01,0.01,5.0,0.001,0.01
STEEMUSDT,STEEM/USDT:USDT,STEEM,USDT,TRADING,PERPETUAL,True,0.0001,1.0,1.0,5.0,0.0001,1.0
STGUSDT,STG/USDT:USDT,STG,USDT,TRADING,PERPETUAL,True,0.0001,1.0,1.0,5.0,0.0001,1.0
STMXUSDT,STMX/USDT:USDT,STMX,USDT,TRADING,PERPETUAL,True,1e-05,1.0,1.0,5.0,1e-05,1.0
STOUSDT,STO/USDT:USDT,STO,USDT,TRADING,PERPETUAL,True,1e-05,1.0,1.0,5.0,1e-05,1.0
STORJUSDT,STORJ/USDT:USDT,STORJ,USDT,TRADING,PERPETUAL,True,0.0001,1.0,1.0,5.0,0.0001,1.0
STRKUSDT,STRK/USDT:USDT,STRK,USDT,TRADING,PERPETUAL,True,0.0001,0.1,0.1,5.0,0.0001,0.1
STXUSDT,STX/USDT:USDT,STX,USDT,TRADING,PERPETUAL,True,0.0001,1.0,1.0,5.0,0.0001,1.0
SUIUSDC,SUI/USDC:USDC,SUI,USDC,TRADING,PERPETUAL,True,0.0001,0.1,0.1,5.0,0.0001,0.1
SUIUSDT,SUI/USDT:USDT,SUI,USDT,TRADING,PERPETUAL,True,0.0001,0.1,0.1,5.0,0.0001,0.1
SUNUSDT,SUN/USDT:USDT,SUN,USDT,TRADING,PERPETUAL,True,1e-06,1.0,1.0,5.0,1e-06,1.0
SUPERUSDT,SUPER/USDT:USDT,SUPER,USDT,TRADING,PERPETUAL,True,0.0001,1.0,1.0,5.0,0.0001,1.0
SUSHIUSDT,SUSHI/USDT:USDT,SUSHI,USDT,TRADING,PERPETUAL,True,0.001,1.0,1.0,5.0,0.001,1.0
SWARMSUSDT,SWARMS/USDT:USDT,SWARMS,USDT,TRADING,PERPETUAL,True,0.0001,1.0,1.0,5.0,0.0001,1.0
SWELLUSDT,SWELL/USDT:USDT,SWELL,USDT,TRADING,PERPETUAL,True,1e-05,1.0,1.0,5.0,1e-05,1.0
SXPUSDT,SXP/USDT:USDT,SXP,USDT,TRADING,PERPETUAL,True,0.0001,0.1,0.1,5.0,0.0001,0.1
SXTUSDT,SXT/USDT:USDT,SXT,USDT,TRADING,PERPETUAL,True,1e-05,1.0,1.0,5.0,1e-05,1.0
SYNUSDT,SYN/USDT:USDT,SYN,USDT,TRADING,PERPETUAL,True,0.0001,1.0,1.0,5.0,0.0001,1.0
SYRUPUSDT,SYRUP/USDT:USDT,SYRUP,USDT,TRADING,PERPETUAL,True,1e-05,1.0,1.0,5.0,1e-05,1.0
SYSUSDT,SYS/USDT:USDT,SYS,USDT,TRADING,PERPETUAL,True,0.0001,1.0,1.0,5.0,0.0001,1.0
TUSDT,T/USDT:USDT,T,USDT,TRADING,PERPETUAL,True,1e-05,1.0,0.0,5.0,1e-05,1.0
TAUSDT,TA/USDT:USDT,TA,USDT,TRADING,PERPETUAL,True,0.0001,1.0,1.0,5.0,0.0001,1.0
TACUSDT,TAC/USDT:USDT,TAC,USDT,TRADING,PERPETUAL,True,1e-05,1.0,1.0,5.0,1e-05,1.0
TAGUSDT,TAG/USDT:USDT,TAG,USDT,TRADING,PERPETUAL,True,1e-07,1.0,1.0,5.0,1e-07,1.0
TAIKOUSDT,TAIKO/USDT:USDT,TAIKO,USDT,TRADING,PERPETUAL,True,0.0001,1.0,1.0,5.0,0.0001,1.0
TANSSIUSDT,TANSSI/USDT:USDT,TANSSI,USDT,TRADING,PERPETUAL,True,1e-05,1.0,1.0,5.0,1e-05,1.0
TAOUSDT,TAO/USDT:USDT,TAO,USDT,TRADING,PERPETUAL,True,0.01,0.001,0.001,5.0,0.01,0.001
THEUSDT,THE/USDT:USDT,THE,USDT,TRADING,PERPETUAL,True,0.0001,0.1,0.1,5.0,0.0001,0.1
THETAUSDT,THETA/USDT:USDT,THETA,USDT,TRADING,PERPETUAL,True,0.001,0.1,0.1,5.0,0.001,0.1
TIAUSDC,TIA/USDC:USDC,TIA,USDC,TRADING,PERPETUAL,True,0.0001,1.0,1.0,5.0,0.0001,1.0
TIAUSDT,TIA/USDT:USDT,TIA,USDT,TRADING,PERPETUAL,True,0.0001,1.0,1.0,5.0,0.0001,1.0
TNSRUSDT,TNSR/USDT:USDT,TNSR,USDT,TRADING,PERPETUAL,True,0.0001,0.1,0.1,5.0,0.0001,0.1
TOKENUSDT,TOKEN/USDT:USDT,TOKEN,USDT,TRADING,PERPETUAL,True,1e-05,1.0,1.0,5.0,1e-05,1.0
TONUSDT,TON/USDT:USDT,TON,USDT,TRADING,PERPETUAL,True,0.0001,0.1,0.1,5.0,0.0001,0.1
TRBUSDT,TRB/USDT:USDT,TRB,USDT,TRADING,PERPETUAL,True,0.01,0.1,0.1,5.0,0.01,0.1
TROYUSDT,TROY/USDT:USDT,TROY,USDT,TRADING,PERPETUAL,True,1e-06,1.0,1.0,5.0,1e-06,1.0
TRUUSDT,TRU/USDT:USDT,TRU,USDT,TRADING,PERPETUAL,True,1e-05,1.0,1.0,5.0,1e-05,1.0
TRUMPUSDC,TRUMP/USDC:USDC,TRUMP,USDC,TRADING,PERPETUAL,True,0.001,0.01,0.01,5.0,0.001,0.01
TRUMPUSDT,TRUMP/USDT:USDT,TRUMP,USDT,TRADING,PERPETUAL,True,0.001,0.01,0.01,5.0,0.001,0.01
TRXUSDT,TRX/USDT:USDT,TRX,USDT,TRADING,PERPETUAL,True,1e-05,1.0,1.0,5.0,1e-05,1.0
TSTUSDT,TST/USDT:USDT,TST,USDT,TRADING,PERPETUAL,True,0.0001,1.0,1.0,5.0,0.0001,1.0
TURBOUSDT,TURBO/USDT:USDT,TURBO,USDT,TRADING,PERPETUAL,True,1e-06,1.0,1.0,5.0,1e-06,1.0
TWTUSDT,TWT/USDT:USDT,TWT,USDT,TRADING,PERPETUAL,True,0.0001,0.1,0.1,5.0,0.0001,0.1
UMAUSDT,UMA/USDT:USDT,UMA,USDT,TRADING,PERPETUAL,True,0.001,1.0,1.0,5.0,0.001,1.0
UNIUSDC,UNI/USDC:USDC,UNI,USDC,TRADING,PERPETUAL,True,0.001,1.0,1.0,5.0,0.001,1.0
UNIUSDT,UNI/USDT:USDT,UNI,USDT,TRADING,PERPETUAL,True,0.001,1.0,1.0,5.0,0.001,1.0
USDCUSDT,USDC/USDT:USDT,USDC,USDT,TRADING,PERPETUAL,True,1e-05,1.0,1.0,5.0,1e-05,1.0
USTCUSDT,USTC/USDT:USDT,USTC,USDT,TRADING,PERPETUAL,True,1e-05,1.0,1.0,5.0,1e-05,1.0
USUALUSDT,USUAL/USDT:USDT,USUAL,USDT,TRADING,PERPETUAL,True,0.0001,1.0,1.0,5.0,0.0001,1.0
UXLINKUSDT,UXLINK/USDT:USDT,UXLINK,USDT,TRADING,PERPETUAL,True,0.0001,1.0,1.0,5.0,0.0001,1.0
VANAUSDT,VANA/USDT:USDT,VANA,USDT,TRADING,PERPETUAL,True,0.001,0.01,0.01,5.0,0.001,0.01
VANRYUSDT,VANRY/USDT:USDT,VANRY,USDT,TRADING,PERPETUAL,True,1e-05,1.0,1.0,5.0,1e-05,1.0
VELODROMEUSDT,VELODROME/USDT:USDT,VELODROME,USDT,TRADING,PERPETUAL,True,1e-05,1.0,1.0,5.0,1e-05,1.0
VELVETUSDT,VELVET/USDT:USDT,VELVET,USDT,TRADING,PERPETUAL,True,1e-05,1.0,1.0,5.0,1e-05,1.0
VETUSDT,VET/USDT:USDT,VET,USDT,TRADING,PERPETUAL,True,1e-05,1.0,1.0,5.0,1e-05,1.0
VICUSDT,VIC/USDT:USDT,VIC,USDT,TRADING,PERPETUAL,True,0.0001,1.0,1.0,5.0,0.0001,1.0
VIDTUSDT,VIDT/USDT:USDT,VIDT,USDT,TRADING,PERPETUAL,True,1e-05,1.0,1.0,5.0,1e-05,1.0
VINEUSDT,VINE/USDT:USDT,VINE,USDT,TRADING,PERPETUAL,True,1e-05,1.0,1.0,5.0,1e-05,1.0
VIRTUALUSDT,VIRTUAL/USDT:USDT,VIRTUAL,USDT,TRADING,PERPETUAL,True,0.0001,0.1,0.1,5.0,0.0001,0.1
VOXELUSDT,VOXEL/USDT:USDT,VOXEL,USDT,TRADING,PERPETUAL,True,0.0001,1.0,1.0,5.0,0.0001,1.0
VTHOUSDT,VTHO/USDT:USDT,VTHO,USDT,TRADING,PERPETUAL,True,1e-06,1.0,1.0,5.0,1e-06,1.0
VVVUSDT,VVV/USDT:USDT,VVV,USDT,TRADING,PERPETUAL,True,0.001,0.01,0.01,5.0,0.001,0.01
WUSDT,W/USDT:USDT,W,USDT,TRADING,PERPETUAL,True,0.0001,0.1,0.1,5.0,0.0001,0.1
WALUSDT,WAL/USDT:USDT,WAL,USDT,TRADING,PERPETUAL,True,0.0001,1.0,1.0,5.0,0.0001,1.0
WAXPUSDT,WAXP/USDT:USDT,WAXP,USDT,TRADING,PERPETUAL,True,1e-05,1.0,1.0,5.0,1e-05,1.0
WIFUSDC,WIF/USDC:USDC,WIF,USDC,TRADING,PERPETUAL,True,0.0001,0.1,0.1,5.0,0.0001,0.1
WIFUSDT,WIF/USDT:USDT,WIF,USDT,TRADING,PERPETUAL,True,0.0001,0.1,0.1,5.0,0.0001,0.1
WLDUSDC,WLD/USDC:USDC,WLD,USDC,TRADING,PERPETUAL,True,0.0001,0.1,0.1,5.0,0.0001,0.1
WLDUSDT,WLD/USDT:USDT,WLD,USDT,TRADING,PERPETUAL,True,0.0001,1.0,1.0,5.0,0.0001,1.0
WOOUSDT,WOO/USDT:USDT,WOO,USDT,TRADING,PERPETUAL,True,1e-05,1.0,1.0,5.0,1e-05,1.0
XAIUSDT,XAI/USDT:USDT,XAI,USDT,TRADING,PERPETUAL,True,0.0001,1.0,1.0,5.0,0.0001,1.0
XCNUSDT,XCN/USDT:USDT,XCN,USDT,TRADING,PERPETUAL,True,1e-05,1.0,1.0,5.0,1e-05,1.0
XEMUSDT,XEM/USDT:USDT,XEM,USDT,TRADING,PERPETUAL,True,0.0001,1.0,1.0,5.0,0.0001,1.0
XLMUSDT,XLM/USDT:USDT,XLM,USDT,TRADING,PERPETUAL,True,1e-05,1.0,1.0,5.0,1e-05,1.0
XMRUSDT,XMR/USDT:USDT,XMR,USDT,TRADING,PERPETUAL,True,0.001,0.001,0.001,5.0,0.001,0.001
XRPUSDC,XRP/USDC:USDC,XRP,USDC,TRADING,PERPETUAL,True,0.0001,0.1,0.1,5.0,0.0001,0.1
XRPUSDT,XRP/USDT:USDT,XRP,USDT,TRADING,PERPETUAL,True,0.0001,0.1,0.1,5.0,0.0001,0.1
XTZUSDT,XTZ/USDT:USDT,XTZ,USDT,TRADING,PERPETUAL,True,0.001,0.1,0.1,5.0,0.001,0.1
XVGUSDT,XVG/USDT:USDT,XVG,USDT,TRADING,PERPETUAL,True,1e-06,1.0,1.0,5.0,1e-06,1.0
XVSUSDT,XVS/USDT:USDT,XVS,USDT,TRADING,PERPETUAL,True,0.001,0.1,0.1,5.0,0.001,0.1
YALAUSDT,YALA/USDT:USDT,YALA,USDT,TRADING,PERPETUAL,True,0.0001,1.0,1.0,5.0,0.0001,1.0
YFIUSDT,YFI/USDT:USDT,YFI,USDT,TRADING,PERPETUAL,True,0.1,0.001,0.001,5.0,0.1,0.001
YGGUSDT,YGG/USDT:USDT,YGG,USDT,TRADING,PERPETUAL,True,0.0001,1.0,1.0,5.0,0.0001,1.0
ZECUSDT,ZEC/USDT:USDT,ZEC,USDT,TRADING,PERPETUAL,True,0.01,0.001,0.001,5.0,0.01,0.001
ZENUSDT,ZEN/USDT:USDT,ZEN,USDT,TRADING,PERPETUAL,True,0.001,0.1,0.1,5.0,0.001,0.1
ZEREBROUSDT,ZEREBRO/USDT:USDT,ZEREBRO,USDT,TRADING,PERPETUAL,True,0.0001,1.0,1.0,5.0,0.0001,1.0
ZETAUSDT,ZETA/USDT:USDT,ZETA,USDT,TRADING,PERPETUAL,True,0.0001,1.0,1.0,5.0,0.0001,1.0
ZILUSDT,ZIL/USDT:USDT,ZIL,USDT,TRADING,PERPETUAL,True,1e-05,1.0,1.0,5.0,1e-05,1.0
ZKUSDT,ZK/USDT:USDT,ZK,USDT,TRADING,PERPETUAL,True,0.0001,1.0,1.0,5.0,0.0001,1.0
ZKJUSDT,ZKJ/USDT:USDT,ZKJ,USDT,TRADING,PERPETUAL,True,0.001,0.1,0.1,5.0,0.001,0.1
ZORAUSDT,ZORA/USDT:USDT,ZORA,USDT,TRADING,PERPETUAL,True,1e-05,1.0,1.0,5.0,1e-05,1.0
ZRCUSDT,ZRC/USDT:USDT,ZRC,USDT,TRADING,PERPETUAL,True,1e-05,1.0,1.0,5.0,1e-05,1.0
ZROUSDT,ZRO/USDT:USDT,ZRO,USDT,TRADING,PERPETUAL,True,0.001,0.1,0.1,5.0,0.001,0.1
ZRXUSDT,ZRX/USDT:USDT,ZRX,USDT,TRADING,PERPETUAL,True,0.0001,0.1,0.1,5.0,0.0001,0.1
